product_name,supplier_name,category,price,area
"KSB Custom-built Automatic Industrial Pump, 1 Year",Aira Trex Solutions India Private Limited,Industrial Pumps,6000.0,Ramamurthy Nagar
Special Customized Pumps,Mieco Pumps & Generators Private Limited,Industrial Pumps,19027.0,Nagartapete
Industrial Submersible Pump,Ambica Electro Control,Industrial Pumps,7500.0,S.P ROAD
Industrial Submersible Pump,Mukambika Industrial Corporation,Industrial Pumps,19027.0,Bengaluru
2 HP Pressure Pumps,Hummer Steel India Private Limited,Industrial Pumps,7900.0,Nagasandra
"Sugar Industries Pump, Max Flow Rate: Depend On Applocations",Jay Ambe Engineering Co.,Industrial Pumps,90500.0,Deals in Bengaluru
Ezee Flow Pump,Industrial & Auto Hardwares,Industrial Pumps,1200.0,Kalasipalyam
"ACS SERIES, Capacity: 2 Ton",Vinayaka Marketing,Industrial Pumps,19027.0,yelahanka
"Aluminium Flygt NSW Multistage Pump, 2 HP",Skandha Guru Enterprises,Industrial Pumps,1500.0,Bhyraveshwara Nagar
Industrial Vacuum Pump,Torr Engineering,Industrial Pumps,40000.0,Urban
"KSB Custom-built Automatic Industrial Pump, 1 Year",Aira Trex Solutions India Private Limited,Industrial Pumps,6000.0,Ramamurthy Nagar
Special Customized Pumps,Mieco Pumps & Generators Private Limited,Industrial Pumps,19027.0,Nagartapete
Industrial Submersible Pump,Ambica Electro Control,Industrial Pumps,7500.0,S.P ROAD
Industrial Submersible Pump,Mukambika Industrial Corporation,Industrial Pumps,19027.0,Bengaluru
2 HP Pressure Pumps,Hummer Steel India Private Limited,Industrial Pumps,7900.0,Nagasandra
"KSB Custom-built Automatic Industrial Pump, 1 Year",Aira Trex Solutions India Private Limited,Industrial Pumps,6000.0,Ramamurthy Nagar
Special Customized Pumps,Mieco Pumps & Generators Private Limited,Industrial Pumps,19027.0,Nagartapete
Industrial Submersible Pump,Ambica Electro Control,Industrial Pumps,7500.0,S.P ROAD
Industrial Submersible Pump,Mukambika Industrial Corporation,Industrial Pumps,19027.0,Bengaluru
2 HP Pressure Pumps,Hummer Steel India Private Limited,Industrial Pumps,7900.0,Nagasandra
"Sugar Industries Pump, Max Flow Rate: Depend On Applocations",Jay Ambe Engineering Co.,Industrial Pumps,90500.0,Deals in Bengaluru
Ezee Flow Pump,Industrial & Auto Hardwares,Industrial Pumps,1200.0,Kalasipalyam
"ACS SERIES, Capacity: 2 Ton",Vinayaka Marketing,Industrial Pumps,19027.0,yelahanka
"Aluminium Flygt NSW Multistage Pump, 2 HP",Skandha Guru Enterprises,Industrial Pumps,1500.0,Bhyraveshwara Nagar
Industrial Vacuum Pump,Torr Engineering,Industrial Pumps,40000.0,Urban
"KSB Custom-built Automatic Industrial Pump, 1 Year",Aira Trex Solutions India Private Limited,Industrial Pumps,6000.0,Ramamurthy Nagar
Special Customized Pumps,Mieco Pumps & Generators Private Limited,Industrial Pumps,19027.0,Nagartapete
Industrial Submersible Pump,Ambica Electro Control,Industrial Pumps,7500.0,S.P ROAD
Industrial Submersible Pump,Mukambika Industrial Corporation,Industrial Pumps,19027.0,Bengaluru
2 HP Pressure Pumps,Hummer Steel India Private Limited,Industrial Pumps,7900.0,Nagasandra
"KSB Custom-built Automatic Industrial Pump, 1 Year",Aira Trex Solutions India Private Limited,Industrial Pumps,6000.0,Ramamurthy Nagar
Special Customized Pumps,Mieco Pumps & Generators Private Limited,Industrial Pumps,19027.0,Nagartapete
Industrial Submersible Pump,Ambica Electro Control,Industrial Pumps,7500.0,S.P ROAD
Industrial Submersible Pump,Mukambika Industrial Corporation,Industrial Pumps,19027.0,Bengaluru
2 HP Pressure Pumps,Hummer Steel India Private Limited,Industrial Pumps,7900.0,Nagasandra
"Sugar Industries Pump, Max Flow Rate: Depend On Applocations",Jay Ambe Engineering Co.,Industrial Pumps,90500.0,Deals in Bengaluru
Ezee Flow Pump,Industrial & Auto Hardwares,Industrial Pumps,1200.0,Kalasipalyam
"ACS SERIES, Capacity: 2 Ton",Vinayaka Marketing,Industrial Pumps,19027.0,yelahanka
"Aluminium Flygt NSW Multistage Pump, 2 HP",Skandha Guru Enterprises,Industrial Pumps,1500.0,Bhyraveshwara Nagar
Industrial Vacuum Pump,Torr Engineering,Industrial Pumps,40000.0,Urban
"KSB Custom-built Automatic Industrial Pump, 1 Year",Aira Trex Solutions India Private Limited,Industrial Pumps,6000.0,Ramamurthy Nagar
Special Customized Pumps,Mieco Pumps & Generators Private Limited,Industrial Pumps,19027.0,Nagartapete
Industrial Submersible Pump,Ambica Electro Control,Industrial Pumps,7500.0,S.P ROAD
Industrial Submersible Pump,Mukambika Industrial Corporation,Industrial Pumps,19027.0,Bengaluru
2 HP Pressure Pumps,Hummer Steel India Private Limited,Industrial Pumps,7900.0,Nagasandra
"KSB Custom-built Automatic Industrial Pump, 1 Year",Aira Trex Solutions India Private Limited,Industrial Pumps,6000.0,Ramamurthy Nagar
Special Customized Pumps,Mieco Pumps & Generators Private Limited,Industrial Pumps,19027.0,Nagartapete
Industrial Submersible Pump,Ambica Electro Control,Industrial Pumps,7500.0,S.P ROAD
Industrial Submersible Pump,Mukambika Industrial Corporation,Industrial Pumps,19027.0,Bengaluru
2 HP Pressure Pumps,Hummer Steel India Private Limited,Industrial Pumps,7900.0,Nagasandra
"Sugar Industries Pump, Max Flow Rate: Depend On Applocations",Jay Ambe Engineering Co.,Industrial Pumps,90500.0,Deals in Bengaluru
Ezee Flow Pump,Industrial & Auto Hardwares,Industrial Pumps,1200.0,Kalasipalyam
"ACS SERIES, Capacity: 2 Ton",Vinayaka Marketing,Industrial Pumps,19027.0,yelahanka
"Aluminium Flygt NSW Multistage Pump, 2 HP",Skandha Guru Enterprises,Industrial Pumps,1500.0,Bhyraveshwara Nagar
Industrial Vacuum Pump,Torr Engineering,Industrial Pumps,40000.0,Urban
"KSB Custom-built Automatic Industrial Pump, 1 Year",Aira Trex Solutions India Private Limited,Industrial Pumps,6000.0,Ramamurthy Nagar
Special Customized Pumps,Mieco Pumps & Generators Private Limited,Industrial Pumps,19027.0,Nagartapete
Industrial Submersible Pump,Ambica Electro Control,Industrial Pumps,7500.0,S.P ROAD
Industrial Submersible Pump,Mukambika Industrial Corporation,Industrial Pumps,19027.0,Bengaluru
2 HP Pressure Pumps,Hummer Steel India Private Limited,Industrial Pumps,7900.0,Nagasandra
"Sugar Industries Pump, Max Flow Rate: Depend On Applocations",Jay Ambe Engineering Co.,Industrial Pumps,90500.0,Deals in Bengaluru
Ezee Flow Pump,Industrial & Auto Hardwares,Industrial Pumps,1200.0,Kalasipalyam
"ACS SERIES, Capacity: 2 Ton",Vinayaka Marketing,Industrial Pumps,19027.0,yelahanka
"Aluminium Flygt NSW Multistage Pump, 2 HP",Skandha Guru Enterprises,Industrial Pumps,1500.0,Bhyraveshwara Nagar
Industrial Vacuum Pump,Torr Engineering,Industrial Pumps,40000.0,Urban
